<?xml version="1.0" ?>
<Settings>
    <X>0</X>
    <Y>0</Y>
    <Width>45</Width>
    <Height>32</Height>
    <ZPosition>Top</ZPosition>
    <HorizontalDirection>right</HorizontalDirection>
    <VerticalDirection>down</VerticalDirection>
    <DirectionOrientation>horizontal</DirectionOrientation>
    <AutoSize>false</AutoSize>
    <IconSize>16</IconSize>
    <IconSpacing>1</IconSpacing>
    <Style>%ThemeDir%\Styles\Dark Glass eCommand.eds</Style>
    <SnapMove>true</SnapMove>
    <SnapSize>true</SnapSize>
    <DynamicPositioning>true</DynamicPositioning>
    <ClickThrough>0</ClickThrough>
    <Resolution>0,0,800,1280</Resolution>
    <Monitor>0</Monitor>
    <ClockTextAlign>Center</ClockTextAlign>
    <CommandTextAlign>left</CommandTextAlign>
    <CommandVerticalAlign>Center</CommandVerticalAlign>
    <ClockVerticalAlign>Center</ClockVerticalAlign>
    <TimeFormat>%#H:%M</TimeFormat>
    <TipFormat>%#x</TipFormat>
    <Font>Calibri-16</Font>
    <AnchorPoint>TopLeft</AnchorPoint>
    <AutoComplete>true</AutoComplete>
    <StartHidden>false</StartHidden>
    <TitleBarFont>Arial-16</TitleBarFont>
    <TitleBarText></TitleBarText>
</Settings>
